pcode,male_voters,female_voters,voters_18-22,voters_23-27,voters_28-32,voters_33-37,voters_38-42,voters_43-47,voters_48-52,voters_53-57,voters_58-62,voters_63-67,voters_68-72,voters_73-77,voters_78-82,voters_83-87,voters_88-92,voters_93-97,voters_98+
MMR010001,70707.0,82728.0,18023,17557,18697,17092,17091,16214,13149,10915,7963,5714,3371,2539,1519,740,280,132,53
MMR010002,69467.0,81742.0,17742,16885,17328,15938,16059,15722,13215,11282,8832,6075,3655,2706,1743,935,462,215,97
MMR010003,78646.0,89541.0,18832,19184,19985,18814,18485,18296,14888,11927,8958,6263,3731,2865,1816,921,484,239,114
MMR010004,93198.0,100142.0,23170,22205,23928,22068,22086,20835,15910,12731,9624,6931,4189,3143,1840,997,455,193,100
MMR010005,61318.0,64506.0,16648,16076,17031,15477,13990,12956,9309,7274,5197,3980,2451,1769,876,418,145,92,58
MMR010006,69643.0,81687.0,18954,19020,19515,17056,14898,14729,12206,10211,7814,5752,3451,2441,1495,749,227,110,54
MMR010007,77984.0,83523.0,21632,21837,21989,19176,16744,15533,11980,9669,7523,5266,3024,2118,1296,673,262,123,65
MMR010008,73461.0,75323.0,19989,18393,19845,17172,15415,14513,11824,9503,7123,4745,2966,2082,1154,536,225,80,75
MMR010009,81276.0,91754.0,24028,23262,21694,19025,16876,16891,13804,11351,8228,5865,3494,2619,1723,790,225,73,33
MMR010010,46644.0,50549.0,13719,12780,12086,10986,9492,9051,7276,6206,4637,3350,2113,1404,951,426,139,45,9
MMR010011,63154.0,65688.0,16066,15958,15948,13707,13623,13163,10620,8578,6342,4381,2508,1726,915,471,170,98,61
MMR010012,46039.0,47194.0,14454,12696,11841,10485,9665,9564,7364,5352,3579,2584,1399,947,474,215,75,39,27
MMR010013,81429.0,91003.0,22352,22490,23161,20608,17643,16202,13226,10981,8450,6119,3386,2471,1365,682,210,100,38
MMR010014,49451.0,56720.0,12764,13556,13554,12240,10800,10086,8302,7309,5747,4271,2503,1718,981,516,177,72,31
MMR010015,67244.0,74367.0,18043,17683,18019,16311,14369,13643,11407,9155,7040,5269,3132,2228,1354,650,227,47,29
MMR010016,49389.0,58332.0,13105,13231,13027,12172,11099,10332,8874,7307,5462,4336,2940,2218,1344,533,178,73,12
MMR010017,95432.0,117328.0,25352,25270,26165,23330,21089,21234,17408,14149,11411,9043,5748,4320,2561,1326,386,190,90
MMR010018,80159.0,96133.0,20982,23033,22253,19766,17744,16709,13107,10778,9493,7782,4902,3613,2110,1025,293,107,41
MMR010019,71618.0,82537.0,18129,19070,19088,17425,15099,15270,12035,9922,7985,6853,4197,3115,1932,921,282,75,50
MMR010021,43161.0,52263.0,10907,11476,11249,10113,9180,9296,7729,6537,5257,4584,2998,2375,1344,670,221,95,33
MMR010020,101291.0,119071.0,26346,27038,27964,25657,21838,20817,15915,12951,11702,9799,6251,4643,2566,1167,344,145,38
MMR010022,91877.0,106361.0,25059,24420,25782,23150,20166,18543,14044,11528,10710,8447,5269,3692,2030,937,283,111,45
MMR010023,87658.0,95121.0,23525,23619,23484,21160,17485,18299,13607,11027,8950,6688,4382,3366,1695,974,260,112,62
MMR010024,89856.0,104640.0,25776,25088,24895,21219,17882,19249,14906,11728,9541,7925,5107,3816,2139,986,314,115,31
MMR010028,122858.0,141223.0,33141,32409,33488,29519,27069,27037,20268,15639,13247,10524,7100,5044,2780,1449,483,208,98
MMR010029,57410.0,69068.0,14531,14905,14701,13076,11097,11885,9182,7515,6630,5253,3502,2558,1369,634,208,93,30
MMR010030,69415.0,79093.0,19349,19499,19150,16090,14201,14554,11784,8861,7500,5454,3522,2869,1510,764,247,75,14
MMR010031,81169.0,94680.0,21728,21819,20774,19016,16856,17937,14067,11358,9747,7587,4672,3674,1976,981,296,134,39
MMR018006,56740.0,64834.0,15887,15448,15883,13461,11134,11282,9100,7550,5792,3942,2479,1881,1094,587,208,112,92
MMR018007,94839.0,102245.0,28537,27562,26444,22251,17604,18442,14360,11794,9088,6309,4113,3371,1709,923,255,109,98
MMR018002,26184.0,32310.0,5805,8460,9229,7662,6449,5991,5047,4256,2337,1178,611,409,232,111,38,15,13
MMR018004,10987.0,11355.0,3353,3381,3325,2820,2061,1912,1447,1255,894,586,347,287,153,87,23,10,11
MMR018003,78051.0,84599.0,21054,22149,21754,18738,15036,16253,12646,10381,7946,5236,3298,2647,1557,783,225,84,42
MMR018001,36873.0,36640.0,8811,10608,11198,8878,7617,7202,5119,4103,2912,1777,989,728,413,219,57,42,40
MMR018005,34849.0,35271.0,9362,10204,9884,8562,6730,6734,5081,4225,3328,2008,1075,826,470,256,78,32,34
MMR018008,22994.0,22651.0,6068,6755,6924,5446,4369,4258,3359,2834,2081,1184,668,505,255,155,54,20,22
MMR001001,85673.0,93072.0,26430,22172,22730,20055,19022,16902,13235,10308,7583,5390,3634,2429,1237,596,266,136,76
MMR001002,31147.0,32750.0,9646,8287,8254,7159,6247,6225,4998,4088,2928,1912,1273,757,372,199,55,37,22
MMR001003,567.0,528.0,202,165,149,93,122,85,96,60,32,25,11,10,3,4,1,0,1
MMR001004,13852.0,13367.0,3647,3806,4165,3500,3051,2669,1924,1515,946,640,334,212,80,59,15,11,17
MMR001005,5575.0,5292.0,2092,1797,1510,1112,928,783,691,517,386,248,155,117,58,53,12,14,5
MMR001006,1828.0,1765.0,670,535,474,338,349,270,245,168,113,106,87,41,23,22,9,4,1
MMR001008,41478.0,45996.0,12172,11308,11418,9601,8736,8987,6940,5444,4066,2735,1682,1244,693,348,119,53,24
MMR001007,67230.0,74667.0,20773,17447,17502,16180,14998,14371,10398,8343,6111,4347,2460,2059,1234,566,180,88,64
MMR001009,51359.0,34236.0,12672,12826,12553,10456,9365,9418,6379,4391,2649,1488,806,450,171,105,28,29,31
MMR001010,38430.0,42385.0,11013,10339,10823,9380,8283,7795,5917,5039,3969,2573,1716,1152,610,301,91,48,16
MMR001011,25426.0,27310.0,7962,6693,6977,6050,5145,5045,3733,3255,2338,1707,1015,658,349,157,59,28,11
MMR001012,19671.0,21210.0,5656,5300,5672,4527,4098,3835,3147,2727,1939,1241,856,531,285,123,51,18,9
MMR001013,14984.0,16302.0,4158,3902,4398,3823,3302,2952,2233,2114,1496,963,641,346,194,83,31,14,6
MMR001014,18434.0,18270.0,5400,5102,4751,3903,3237,3384,2610,1966,1430,1077,771,524,274,114,39,23,11
MMR001015,922.0,851.0,284,204,249,171,196,150,128,108,75,53,29,28,16,6,1,2,0
MMR001016,2753.0,2574.0,700,736,687,575,512,443,468,346,247,195,132,88,30,10,4,4,4
MMR001017,2195.0,1963.0,650,564,480,392,382,352,340,258,187,127,91,89,48,26,13,3,7
MMR001018,3622.0,3194.0,1166,1003,835,632,446,601,442,376,311,210,132,107,62,35,13,6,3
MMR011001,96563.0,108754.0,21191,22540,25716,24333,22464,21180,17478,14312,11452,7582,5162,3918,2119,1223,439,190,88
MMR011002,76219.0,81274.0,20431,20584,21845,19420,16328,15913,11601,8921,6974,5002,3095,2452,1123,590,200,66,58
MMR011003,61137.0,65492.0,15444,15742,16536,15095,13200,12326,9531,7877,6001,4486,2775,2304,1361,771,328,86,39
MMR011004,59410.0,64938.0,15565,15259,16355,15648,12916,12217,9216,7675,6477,4239,2719,2077,1169,625,206,68,23
MMR011005,79607.0,86775.0,18727,18857,21250,19635,17165,16052,12900,10237,7992,5890,4260,3656,1997,1138,451,189,70
MMR011006,82294.0,85769.0,21454,21771,22671,20262,16632,17221,12660,10243,8210,5410,3656,2668,1389,773,257,117,52
MMR011007,84330.0,90625.0,23639,22716,21692,19287,16933,15693,12683,10529,7921,5616,3361,2357,1243,624,211,90,63
MMR011008,84040.0,88357.0,23606,22784,23186,20637,17477,16200,12465,10203,8370,5682,3471,2547,1490,804,266,89,71
MMR011009,53031.0,57575.0,16148,14408,14173,12688,11373,10679,8394,6688,5074,3669,2122,1444,733,434,125,63,17
MMR011010,61461.0,66105.0,17993,16373,16401,14603,13212,12677,9603,7469,5740,4414,2494,1858,926,406,152,35,20
MMR012002,46005.0,48835.0,15214,14349,12266,9431,7664,8434,7123,5413,4243,3178,2146,1514,918,424,117,46,36
MMR012001,49138.0,54535.0,14348,14622,13735,11171,9563,9837,7800,6327,4804,3537,1935,1420,831,473,146,86,50
MMR012007,48905.0,51335.0,16553,15638,12338,10164,8199,8373,6951,5443,3900,3006,1713,1259,666,336,101,43,17
MMR012008,41998.0,45885.0,14142,13475,11578,8596,6713,8136,5969,5059,3725,2855,1887,1446,929,475,152,62,9
MMR012003,67489.0,71371.0,22666,20571,17708,14115,11297,11887,10615,8684,6376,4691,2877,1927,1017,514,175,64,32
MMR012004,59978.0,65688.0,18193,18395,16286,13003,10099,11262,9459,8061,6280,4796,2976,1929,1080,553,152,85,30
MMR012005,56826.0,60341.0,18775,17530,14692,11963,9552,9989,8745,7517,5299,3669,2385,1670,768,392,121,41,16
MMR012006,42193.0,44957.0,13436,11594,10989,9858,7759,7749,6115,5533,4006,2817,1928,1343,738,381,109,47,25
MMR012009,12604.0,11343.0,3970,3587,3204,2528,2187,2201,1720,1357,975,706,395,219,160,86,27,11,12
MMR012010,17897.0,17983.0,5606,5593,5154,3707,3265,3366,2522,1994,1640,1069,476,310,192,117,32,31,15
MMR012011,51946.0,56435.0,13928,13664,13648,11927,10716,10477,8153,6779,5424,4338,2945,2247,1131,534,193,79,79
MMR012012,20785.0,25939.0,3671,4227,4894,4517,4430,4952,4350,3694,3160,2647,2203,1719,952,526,174,67,34
MMR012013,34538.0,40677.0,9011,8821,8196,7667,6696,7076,6081,5038,4087,3256,2626,2014,1177,559,190,71,36
MMR012014,36566.0,37127.0,10012,9879,9730,8639,7573,6753,5532,4721,3375,2629,1559,1192,569,314,99,44,22
MMR012015,41884.0,46035.0,9529,9259,9855,9369,8614,9013,7709,6262,5123,4292,2808,2134,1294,827,271,120,45
MMR012016,49576.0,52759.0,12898,12297,12281,11104,9644,10318,8334,6851,5583,4000,2840,2134,1230,666,192,83,38
MMR012017,22370.0,23319.0,4358,4669,5058,4905,4348,4568,4124,3308,2930,2300,1617,1451,839,458,136,53,26
MMR013001,74643.0,85111.0,16532,15997,17390,16844,16724,16479,13796,10964,8517,5954,4108,2951,1755,914,399,214,132
MMR013002,125666.0,135656.0,29349,29700,31833,30166,29794,27402,20948,16679,13005,9149,6098,4678,2808,1814,788,545,325
MMR013003,76071.0,82127.0,21880,20689,19894,17580,15662,15053,11958,9759,7570,5198,2957,2190,1100,558,174,82,42
MMR013004,86751.0,90476.0,24063,22078,21207,18743,17344,17381,13696,11076,8055,5407,3258,2330,1249,636,204,89,58
MMR013005,107151.0,113665.0,26668,26123,27786,24320,20348,21092,16872,14366,11140,7394,4143,3751,2229,1176,442,209,168
MMR013006,46375.0,49192.0,13671,13046,12530,10905,8983,8981,7364,5932,4416,2919,1857,1429,717,368,127,45,21
MMR013007,64143.0,70968.0,14715,14906,16214,16021,14951,14050,11293,9053,7354,5499,3527,2563,1324,596,235,139,131
MMR013008,179331.0,187591.0,33475,39891,44839,42344,38861,37638,31184,24601,19570,13663,8809,7420,5110,3461,1898,1202,928
MMR013009,60672.0,70911.0,13887,13623,14042,12937,12953,13594,11802,9167,7191,5142,3402,2594,1497,750,278,95,68
MMR013010,30663.0,35490.0,5660,6006,6556,6071,6582,7388,6920,5773,4451,3073,2121,1765,1249,755,414,211,156
MMR013011,91269.0,100155.0,16008,17575,19034,17522,18842,20850,19421,15845,12247,8433,5650,4762,3832,2748,1607,1005,743
MMR013012,106411.0,118559.0,22213,22400,24458,24032,24602,25128,21538,17049,12820,8812,6227,5164,3056,1790,847,440,320
MMR013013,62843.0,69839.0,12489,12793,13728,13477,13774,13750,11584,9200,7031,4947,3142,2332,1439,733,298,120,75
MMR013014,20201.0,21666.0,4429,4727,5112,4858,4639,4453,3573,2831,2160,1514,918,705,376,180,80,29,18
MMR013015,41884.0,50917.0,7517,7842,8333,8312,8474,8326,7391,6306,5330,3545,2028,1294,753,366,149,59,24
MMR013016,14440.0,16606.0,2703,2955,3019,3020,3043,3155,3186,2795,2352,1613,1059,740,503,278,122,64,32
MMR013017,19323.0,20305.0,3559,3954,4052,3685,3804,4317,3958,3408,2699,1853,1189,937,634,392,239,121,118
MMR013018,82348.0,91699.0,20897,19716,20892,19842,19093,17682,14747,11705,9111,6582,3974,2828,1438,742,259,164,123
MMR013019,51622.0,60309.0,10783,9707,11328,12286,13489,12695,9430,6788,6132,6011,5063,3467,1726,624,208,82,62
MMR013020,52982.0,58853.0,15272,13771,14248,12888,11794,10432,8545,6768,5577,4101,2629,1733,811,378,152,68,41
MMR013021,41509.0,42473.0,9672,8971,9547,8795,7843,7301,5898,4691,3857,2751,1699,1143,692,342,159,91,55
MMR013022,38455.0,43631.0,8178,8540,8874,8267,8246,8552,8140,6762,5310,3439,2201,1519,945,490,206,87,65
MMR013023,84839.0,90854.0,21996,22283,22952,20384,19039,17613,14341,11355,8770,5939,3613,2301,1315,588,175,75,39
MMR013024,63580.0,66454.0,16015,15670,16332,15355,13899,13535,10521,8372,6817,4749,2845,1746,993,518,181,84,27
MMR013025,56929.0,62732.0,14310,15392,15361,14067,12614,11798,9508,7480,6058,4359,2698,1975,1081,535,166,62,21
MMR013026,57132.0,62332.0,15985,15367,14833,13346,11970,11821,9212,7347,5978,4439,2824,1917,1206,594,176,57,24
MMR013027,77093.0,81578.0,22406,20766,20841,18179,15008,15261,11846,9595,7258,4871,2790,2085,1045,562,162,67,44
MMR013028,44935.0,47593.0,12147,11216,11847,10517,9621,8729,7120,6042,4361,3114,1728,1296,640,332,110,42,14
MMR013029,40382.0,43226.0,8843,8298,9323,8349,7581,7166,5546,4508,3574,2402,1376,1065,571,275,98,31,12
MMR013030,52090.0,55067.0,14257,13485,14115,12871,11683,10573,8367,6616,5007,3438,1888,1295,688,367,147,109,65
MMR013031,13403.0,13656.0,3372,3158,3667,3324,3004,2815,2189,1626,1257,818,533,346,205,100,40,25,13
MMR013032,992.0,584.0,141,210,277,186,183,128,91,58,28,21,12,6,4,2,1,0,0
MMR013033,11487.0,14078.0,2351,2452,2423,2227,2344,2679,2613,2245,1919,1224,912,714,428,234,95,38,25
MMR013034,12819.0,14374.0,2281,2450,2539,2603,2673,2854,2725,2366,1995,1381,1006,845,480,276,172,85,49
MMR013035,15027.0,18740.0,2939,3284,3167,2999,2874,3192,3492,3434,2845,1896,1207,884,549,381,160,92,40
MMR013036,10304.0,12462.0,1781,1963,2005,1915,1996,2259,2285,2350,1979,1378,876,674,463,299,164,105,51
MMR013037,21765.0,24486.0,3750,3946,4228,4279,4383,4406,3844,3225,2490,1735,1071,734,475,261,134,52,25
MMR013038,32877.0,36839.0,8284,8009,8089,7416,7117,6730,6001,5184,4123,2799,1780,1327,710,387,153,76,20
MMR013039,27681.0,34216.0,5381,5638,6207,6137,6573,6522,6181,5219,4542,3156,1999,1445,947,530,210,91,34
MMR013040,50033.0,58555.0,8553,8970,9476,9396,9635,9387,8149,6734,5246,3757,2606,1933,1083,613,249,135,91
MMR013041,26832.0,31786.0,5252,5829,5761,6055,6385,6459,5680,4554,3822,2807,1933,1355,897,475,217,98,63
MMR013042,60511.0,68649.0,14103,14206,14637,13810,13589,13299,11435,8877,6818,4929,3299,2528,1460,830,334,160,172
MMR013043,12176.0,12798.0,2430,2604,2465,2435,2460,2714,2407,2048,1650,1045,735,583,428,304,156,99,65
MMR013044,28128.0,33940.0,6114,6172,6348,6201,6460,6418,5903,4987,4147,2947,1913,1417,924,547,229,122,60
MMR013045,1048.0,908.0,230,232,220,230,188,206,207,163,89,62,43,28,14,6,6,2,1
MMR014001,134386.0,144658.0,38674,34872,35814,32223,27492,28792,21115,17582,13283,8990,5277,3728,1945,919,299,139,70
MMR014002,60796.0,63903.0,17839,15974,16017,14591,13041,12163,9289,7568,5710,4209,2341,1717,917,437,116,39,24
MMR014005,59315.0,60569.0,17146,16544,16112,13556,11507,11092,8494,7005,5325,3400,1738,1308,673,307,91,44,24
MMR014008,53092.0,48821.0,15872,15139,14225,11714,9945,9716,7257,5969,4158,2544,1334,1019,471,190,71,29,18
MMR014010,28671.0,28544.0,9966,8828,7903,6561,5559,5126,3929,2930,2108,1255,649,459,187,90,31,27,12
MMR014011,40755.0,44619.0,12329,11347,11686,10260,8516,7921,6026,5427,3817,2636,1397,1156,540,258,76,45,25
MMR014012,16787.0,18326.0,4631,4508,4971,4242,3364,3538,2687,2604,1651,911,490,432,153,99,38,20,8
MMR014013,38133.0,37912.0,11141,11536,10856,9432,7483,7105,5480,4274,2702,1716,952,632,301,175,58,25,14
MMR014014,18773.0,19908.0,5337,5226,5160,4396,3959,3588,3123,2524,1903,1099,662,425,204,89,44,32,19
MMR014015,24378.0,27102.0,7564,6960,6866,5541,5123,4910,4202,3252,2436,1155,730,411,206,90,42,26,21
MMR014016,21815.0,24800.0,5562,5571,5883,4697,4601,4435,4047,3380,2611,1374,838,532,317,131,67,42,28
MMR014017,26173.0,27530.0,8258,7195,6899,5737,4864,5158,3964,3208,1897,1123,637,398,194,90,39,16,15
MMR014019,15039.0,15287.0,4259,3985,4184,3639,2917,2932,2351,1920,1423,847,490,359,205,111,25,11,7
MMR014018,17965.0,18352.0,3972,4503,4701,4220,3771,3879,3091,2645,2032,1318,672,550,288,164,33,23,12
MMR014020,10845.0,11247.0,3495,3395,2801,2407,2150,2054,1653,1509,933,529,252,213,112,55,9,6,5
MMR014021,8323.0,7630.0,1924,2115,2306,1873,1498,1521,1370,1133,779,431,249,215,120,70,16,13,5
MMR014003,36314.0,36952.0,12269,10593,10113,8237,6668,6821,5191,4282,2911,1949,925,761,297,164,50,38,10
MMR014004,45992.0,47771.0,15995,13733,13083,10669,8329,8682,6315,5516,3666,2330,1196,806,323,135,41,20,27
MMR014009,57778.0,60305.0,19347,17036,15585,13175,11246,10767,8232,6728,4965,3478,1910,1559,790,365,115,38,29
MMR014006,26364.0,27989.0,8008,7142,7217,6380,5515,4825,4166,3412,2592,1886,880,758,376,167,35,11,8
MMR014007,27218.0,27626.0,8131,7441,7089,6226,5442,4870,4136,3410,2457,1941,984,884,504,229,78,26,7
MMR015001,86581.0,92408.0,22955,22188,22335,19770,17954,18854,15069,12085,8942,5833,3618,2274,1190,636,285,172,90
MMR015002,17305.0,17983.0,4341,4303,4746,3836,2958,3720,2868,2720,1868,1261,641,414,166,98,31,23,7
MMR015003,17361.0,19182.0,5087,4996,4531,4186,3595,3695,2903,2671,1638,997,509,354,187,87,35,12,9
MMR015004,52993.0,55972.0,17961,15521,13901,11739,9827,10698,8337,6746,4201,2985,1734,1046,538,326,119,57,30
MMR015020,16845.0,15859.0,5022,4439,4190,3472,2668,2988,2617,2107,1523,1025,656,448,276,150,61,31,23
MMR015021,8085.0,7586.0,2181,2257,2042,1643,1237,1500,1294,1007,775,509,325,218,105,47,21,8,1
MMR015009,43078.0,47313.0,11649,11411,11337,10289,8580,10541,7027,5817,4321,2866,1667,1237,762,504,225,132,70
MMR015010,35339.0,40696.0,11310,9867,9805,8277,6550,7698,6046,5154,3460,2511,1402,1018,592,351,128,69,42
MMR015011,59603.0,62938.0,19962,16962,15658,12950,10481,11847,8809,7310,5307,3598,2437,1566,880,557,260,134,83
MMR015012,60285.0,68068.0,16653,15790,15679,14998,13275,13513,9967,8740,6314,4122,2398,1976,920,452,160,61,29
MMR015013,41008.0,42451.0,10994,10049,10371,9931,8828,8812,6703,5681,4122,2662,1664,1170,595,282,79,32,10
MMR015014,56804.0,61854.0,16757,15707,15116,13513,11976,11902,9679,8084,5762,3285,1790,1174,563,271,98,68,35
MMR015015,16965.0,18553.0,4734,4452,4494,3730,3343,3691,2961,2704,1857,1137,672,469,223,93,33,18,20
MMR015022,16233.0,12351.0,1406,4870,4492,4086,3569,3185,2294,1808,1112,618,345,159,62,46,10,5,3
MMR015023,9809.0,8610.0,1133,3454,2503,2149,1935,1924,1461,1417,927,554,352,223,112,55,23,9,4
MMR015008,,,0,0,0,0,0,0,0,0,0,0,0,0,0,0,0,0,0
MMR015007,,,0,0,0,0,0,0,0,0,0,0,0,0,0,0,0,0,0
MMR015016,23735.0,27345.0,7993,7131,6407,5609,5063,4886,3548,3152,2498,1663,876,729,340,181,52,28,19
MMR015019,11667.0,12195.0,3461,3010,2741,2097,1799,1784,1481,1288,881,555,336,212,125,65,28,17,5
MMR015017,21449.0,22707.0,6030,5354,5593,5070,4572,4552,3463,3013,2172,1470,811,622,301,136,33,24,12
MMR015018,12224.0,13226.0,3421,3240,3401,3114,2933,2463,1862,1469,1133,828,498,384,156,93,25,6,8
MMR015005,,,0,0,0,0,0,0,0,0,0,0,0,0,0,0,0,0,0
MMR015006,,,0,0,0,0,0,0,0,0,0,0,0,0,0,0,0,0,0
MMR015024,5221.0,5010.0,1610,1650,1349,1039,882,918,685,609,392,278,151,96,38,19,5,3,3
MMR016001,56419.0,55767.0,14340,12834,13273,12563,10726,12267,9235,8314,5761,3973,2315,1543,978,628,229,126,108
MMR016002,8521.0,7942.0,2206,2456,2244,1827,1511,1471,1223,1049,682,504,268,173,101,61,19,17,2
MMR016003,4031.0,3875.0,901,1085,1107,968,805,803,638,533,364,215,146,102,86,39,10,3,2
MMR016005,923.0,790.0,229,228,193,219,158,158,123,133,84,59,29,15,8,8,1,3,0
MMR016007,18137.0,17727.0,4105,4025,4118,3888,3233,3592,2747,2392,1377,1019,588,480,219,109,39,24,14
MMR016006,25379.0,21821.0,8317,6809,5950,5397,4982,4634,3240,2262,1426,866,524,285,152,65,21,25,17
MMR016008,17045.0,13867.0,5657,4552,4140,3658,2953,2991,2089,1604,953,619,324,224,95,53,25,10,8
MMR016009,52144.0,54289.0,13240,12898,13356,12666,11140,11726,8811,7337,4887,3219,1890,1228,693,362,100,65,45
MMR016010,10267.0,9245.0,2476,2414,2517,2380,1958,1977,1573,1419,923,626,397,235,119,78,17,24,19
MMR016011,12724.0,12290.0,2950,3107,3127,2615,2510,2489,2379,1941,1333,923,543,385,211,108,42,9,1
MMR017001,110492.0,122301.0,28041,27310,29384,25101,22600,23254,20783,17730,13737,7867,4780,3998,2297,1115,402,151,100
MMR017002,57650.0,61563.0,16960,15495,15219,13231,11383,10826,9678,8653,6938,3671,1776,1667,1110,512,145,41,15
MMR017003,50800.0,53788.0,14343,13209,13169,11242,9405,9731,9029,7695,6282,3283,1635,1730,1083,443,152,53,29
MMR017004,106350.0,107888.0,28378,26240,26674,23712,21299,20963,17842,15118,11285,6893,4271,3796,2108,1103,363,124,67
MMR017005,84053.0,91050.0,23758,21760,21110,18943,15930,16163,14434,12997,10209,6047,3415,3363,2176,1034,260,76,15
MMR017006,68399.0,76406.0,17949,16599,16234,15074,13455,13510,12847,11726,9620,5530,2838,3311,2138,983,283,66,37
MMR017007,55257.0,59786.0,15333,13979,13853,12352,11021,10478,9248,8460,7078,4374,1956,2129,1371,616,188,67,31
MMR017008,118209.0,134466.0,31891,28838,29687,27196,23569,24254,20446,18793,15026,10147,6119,5714,3786,2002,595,200,85
MMR017009,56806.0,63895.0,15467,14604,14280,12826,11654,10946,9486,8560,6999,5020,3069,2808,1642,904,338,111,73
MMR017011,75560.0,86241.0,19131,18795,18312,16675,15297,15147,13759,12041,10340,7730,4164,3663,2464,1236,341,109,23
MMR017012,34384.0,38310.0,6888,7611,8240,7961,7232,7348,6886,6065,4889,3280,1871,1721,1113,595,191,74,30
MMR017013,72079.0,81241.0,18348,17363,17168,15492,13768,14665,13192,11703,9565,7277,4190,3895,2591,1354,374,117,43
MMR017010,36131.0,38343.0,9444,8761,8696,7768,6748,7210,6400,5641,4526,2812,1498,1618,1215,569,150,38,15
MMR017014,98628.0,105102.0,28840,25484,26590,22800,19715,18678,15999,14119,11182,6922,3524,2799,1852,911,256,73,38
MMR017015,66136.0,70316.0,19363,17152,16955,15380,13238,12078,10792,9664,7553,5159,2452,1952,1210,594,208,74,26
MMR017017,103176.0,109296.0,29333,27356,27017,23893,20785,19824,16402,14257,11637,7765,4000,3037,1586,850,263,72,47
MMR017016,100294.0,97898.0,29103,28012,26856,23168,19518,18106,14580,12012,9806,5534,2797,2403,1317,636,188,66,21
MMR017018,102905.0,105981.0,28967,27530,27147,23671,20421,19133,15750,13527,11431,7385,3936,2983,1819,857,269,67,30
MMR017019,104345.0,112218.0,30266,26751,26186,23623,21543,20268,16899,14385,11706,7896,4348,3311,2009,1082,272,122,47
MMR017020,86443.0,91004.0,21930,21464,21714,19384,16759,15753,13601,11503,9460,6673,3428,2700,1426,804,243,104,91
MMR017021,70732.0,75732.0,19549,18862,18180,16467,14176,13846,11705,9784,7481,5303,3196,2675,1532,764,255,88,26
MMR017022,65675.0,72186.0,18288,16986,16610,14832,12658,12492,11129,9804,7857,5518,3128,3025,1806,898,256,78,19
MMR017023,94903.0,99249.0,27136,24907,25987,22454,20034,18540,15060,12499,9195,6295,3422,2517,1379,667,227,85,33
MMR017024,102190.0,105555.0,30105,27333,27333,23267,20148,19005,15942,13185,10580,6687,3554,2622,1452,751,204,67,46
MMR017025,70803.0,75689.0,19472,18156,19072,16840,14310,13159,11331,10029,7842,5275,2945,2138,1341,663,188,77,32
MMR017026,80533.0,84253.0,22493,20043,22830,19075,17337,15801,12614,10391,7962,5476,2857,2236,1251,651,196,58,26
MMR002001,40938.0,42643.0,11979,10779,11300,9783,8683,7594,6054,4638,3482,2429,1346,937,516,236,72,59,22
MMR002002,24348.0,24951.0,8293,7678,7078,5485,4531,4087,3301,2662,1920,1257,718,490,315,144,54,37,16
MMR002003,8524.0,8862.0,2952,2574,2468,1763,1511,1539,1228,1041,706,465,287,207,88,50,16,15,13
MMR002004,2074.0,2184.0,716,622,488,350,381,372,319,243,175,152,92,53,20,11,3,2,0
MMR002005,3825.0,2995.0,1135,1118,1011,765,699,609,488,333,229,135,69,51,32,25,5,2,2
MMR002006,6444.0,5948.0,2017,1923,1822,1429,1303,984,794,600,428,346,204,135,58,23,12,9,3
MMR002007,2209.0,1869.0,558,609,670,553,494,331,269,193,121,98,42,29,13,6,4,1,0
MMR003001,154756.0,163091.0,42519,43285,42925,37789,32640,30141,22842,18526,14064,10140,6354,4297,2004,1081,353,163,156
MMR003002,98579.0,100545.0,29986,28810,27121,23012,20341,18164,13627,11382,8651,6134,3519,2196,1050,503,183,89,58
MMR003004,26548.0,26554.0,8730,7255,7232,5674,5004,4764,3953,2861,2110,1425,834,542,228,117,34,22,21
MMR003003,9077.0,8085.0,2682,2540,2430,1944,1661,1553,1211,960,716,484,235,176,79,52,20,4,1
MMR003005,35284.0,35241.0,9907,9331,9427,8833,7829,7440,5223,3949,2843,1653,905,546,250,125,50,21,23
MMR003006,80508.0,82715.0,21857,22855,22722,20595,17209,16042,11564,9154,6809,4883,3053,2245,986,471,160,77,49
MMR003007,63976.0,64565.0,20756,18369,16847,14687,12995,11850,9260,7529,5510,3738,1891,1141,548,263,99,51,33
MMR004001,15212.0,16344.0,5333,4566,4065,3037,2616,2440,2248,1861,1493,1092,696,450,279,121,43,8,7
MMR004004,24493.0,27267.0,8666,7145,5850,5111,4747,4628,3961,3250,2624,1794,1071,791,431,185,51,10,10
MMR004005,7805.0,8070.0,2511,1971,1802,1433,1294,1298,1087,901,689,486,284,244,137,73,15,3,1
MMR004002,13364.0,15741.0,4056,3420,3147,2643,2931,2838,2442,2054,1745,1254,847,520,272,128,19,11,6
MMR004003,13062.0,14974.0,4257,3289,2742,2474,2447,2575,2535,1971,1632,1184,850,520,330,166,32,19,5
MMR004006,12073.0,13748.0,4340,3390,3243,2580,2049,2578,1781,1438,1313,1004,623,395,188,71,25,9,5
MMR004007,14593.0,16159.0,4845,3573,3118,2647,2487,2828,2419,1969,1725,1241,944,713,359,179,39,24,5
MMR004008,5105.0,6151.0,1893,1578,1424,1075,932,1101,897,604,484,428,230,134,59,36,9,6,5
MMR004009,26594.0,29165.0,8855,7986,7584,5929,4894,4841,3803,3374,2745,1906,1002,669,318,157,56,27,7
MMR005001,101002.0,120563.0,26949,25017,26334,24905,20925,23165,18489,15326,11469,8946,6223,4678,3022,1410,500,157,46
MMR005002,39070.0,47042.0,10161,10076,10478,9449,8425,8954,6919,6048,4893,3810,2423,1906,1106,496,167,54,15
MMR005003,36780.0,45186.0,8990,8999,8899,8882,8067,8298,6883,6198,5077,3984,2546,1926,1262,580,161,53,13
MMR005004,97646.0,111049.0,24142,24059,25842,24015,20783,21117,17532,14656,10518,8022,5213,4101,2511,1354,526,212,118
MMR005005,52389.0,60926.0,15022,13656,14531,13109,10772,11201,8692,7298,5393,4069,2566,2120,1381,655,228,90,47
MMR005006,81279.0,94142.0,19167,20687,21827,20598,18004,18968,14492,11576,8404,7273,4836,3397,2211,1002,285,107,55
MMR005010,54267.0,62039.0,15219,14583,14919,12997,10866,11605,9094,7143,5738,4521,2998,2232,1363,691,204,75,21
MMR005012,117553.0,141618.0,31428,30298,32243,28936,26607,26376,20492,16354,13505,10127,6810,5177,2825,1368,458,190,85
MMR005013,48138.0,57967.0,13468,13149,13701,11303,10165,10186,8148,6497,5787,4432,2954,2207,1215,577,162,59,30
MMR005014,58153.0,67850.0,16277,16185,16953,14296,11880,11549,9259,7640,6179,5024,3180,2494,1303,590,178,60,31
MMR005015,36942.0,43709.0,9710,9602,9760,9215,8285,7529,6371,5204,4563,3265,2170,1933,1133,475,136,47,25
MMR005016,53086.0,59086.0,15395,15116,15199,12434,10791,9907,7809,6803,5709,4252,2808,1968,1196,539,164,43,28
MMR005017,48379.0,53713.0,14671,13336,12894,10738,9898,9623,7844,6173,4966,3716,2406,1727,1049,482,141,47,23
MMR005018,45658.0,53740.0,12943,12391,12437,11132,9760,9450,7335,6415,5514,4028,2582,1973,1122,472,145,41,15
MMR005019,53691.0,60487.0,15171,14680,14822,13118,11171,11099,8308,6556,5654,4457,3042,2188,1176,489,153,53,14
MMR005020,48735.0,53175.0,15368,13170,13307,11656,10193,9751,7545,6190,4468,3183,1970,1369,724,316,109,50,29
MMR005021,38041.0,42794.0,11988,9752,10073,8782,7975,7912,6252,5270,3912,2835,1715,1405,803,361,85,25,6
MMR005022,38763.0,41881.0,11295,9934,9865,9121,8140,7879,6250,5191,3793,2708,1490,1134,671,281,94,46,21
MMR005023,29485.0,32385.0,9921,8435,7938,6895,5909,5615,4355,3685,2685,2102,1215,873,454,200,40,20,6
MMR005024,49774.0,55461.0,13471,13506,13059,11282,10266,10439,9332,7635,5109,3336,2158,1799,1138,535,161,50,18
MMR005025,23605.0,25999.0,6813,6280,6257,5033,4893,4787,4100,3496,2487,1609,976,853,526,253,80,23,6
MMR005026,33272.0,38667.0,9791,9496,9005,8042,7465,6707,5684,4587,3222,2456,1525,1293,664,355,72,26,10
MMR005027,113129.0,121841.0,31368,30330,30167,24572,22252,20828,17255,13433,9911,7163,4333,2874,1513,646,174,115,73
MMR005028,19336.0,20259.0,5504,4994,5243,4540,3895,3547,3154,2663,2012,1268,726,575,333,150,25,11,8
MMR005029,37394.0,40012.0,10743,10259,10424,8303,7376,7088,6151,5266,3736,2643,1446,1195,698,279,87,29,3
MMR005030,31205.0,33196.0,8190,7340,7659,6634,5954,5492,4461,3585,2731,1829,1085,643,361,182,54,25,30
MMR005031,18072.0,18495.0,5177,4371,4756,4168,3600,3270,2786,2379,1770,1186,784,525,317,126,49,14,9
MMR005032,34780.0,38581.0,11384,10045,9355,7576,7173,6502,5328,4653,3294,2549,1618,1145,576,270,52,26,17
MMR005033,13393.0,12106.0,4208,3680,3397,2939,2673,2443,1824,1354,825,546,307,201,105,48,19,12,5
MMR005034,56071.0,60921.0,18907,16364,15513,13248,11913,10482,8243,6711,4600,3337,2134,1446,729,330,99,32,11
MMR005035,4142.0,4641.0,1373,1202,1166,958,745,827,677,588,414,255,140,89,48,32,9,7,4
MMR005036,14899.0,14527.0,5028,4579,3458,2991,2707,2305,1950,1380,1070,649,408,261,219,48,51,16,15
MMR005037,12600.0,12405.0,4290,3159,2650,2748,2412,2087,1520,1374,890,796,400,330,195,125,57,34,25
MMR005007,94302.0,104390.0,27746,25198,25677,22787,19669,18715,15505,12236,9121,6504,4020,3423,1988,918,284,114,59
MMR005008,32219.0,34568.0,8665,8448,9080,7893,6641,6191,5194,4180,3224,2239,1515,1202,674,285,115,36,19
MMR005009,44607.0,53116.0,13054,11894,11819,10218,9419,9102,7879,6185,4890,4050,2706,2218,1455,707,219,73,26
MMR005011,64506.0,73453.0,18384,16970,17684,15596,13475,12534,10759,8213,6385,5289,3761,2784,1840,898,310,97,15
MMR006001,51166.0,56743.0,13463,13665,14204,12787,10361,10223,8527,6927,5454,3727,2474,1823,1126,721,235,89,47
MMR006002,54086.0,58659.0,15924,15184,14757,13427,10149,10680,7852,6692,5425,3594,2402,2069,1225,675,252,76,34
MMR006003,46707.0,50312.0,13942,13605,13136,11361,9073,8519,6433,5450,4514,3256,2020,1749,1028,697,243,119,49
MMR006004,49980.0,49006.0,14390,14667,13721,11618,9244,8772,6778,5453,4289,2802,1719,1409,788,429,124,66,52
MMR006009,50039.0,46183.0,12306,11750,11996,10654,9457,9270,6870,5357,3670,2112,1161,788,322,178,65,56,50
MMR006010,24792.0,20350.0,6130,5696,5707,4693,3795,3581,2729,2076,1206,759,338,267,95,55,16,13,13
MMR006006,50976.0,48551.0,17592,14990,13497,11650,9062,9345,6309,5320,3578,2245,1207,972,426,248,85,44,36
MMR006005,83728.0,88073.0,25942,23084,22565,19794,16304,16380,12558,10293,8032,5253,3198,2535,1292,785,267,101,55
MMR006007,44081.0,46429.0,14785,13118,11877,9823,8512,7817,6180,5432,3880,2683,1685,1292,696,431,127,45,31
MMR006008,31530.0,30090.0,10116,8766,8045,6980,5476,5749,4369,3554,2444,1563,973,698,349,223,68,36,17
MMR007001,157777.0,178304.0,46429,43491,42575,37188,32817,34094,26837,21255,15868,11329,7368,5287,2702,1316,463,215,110
MMR007002,52209.0,56793.0,16620,15565,14332,12143,10314,10113,7886,6131,4587,3660,2162,1542,754,380,115,35,19
MMR007003,69666.0,75774.0,20702,19462,18281,16061,13994,13814,10800,8817,6915,5415,3196,2110,1184,588,162,50,12
MMR007004,61841.0,67488.0,18995,18561,16987,14674,12019,12122,9213,7521,5563,4511,2579,1968,1041,489,174,71,21
MMR007005,67568.0,76127.0,19742,18720,18048,15339,14014,14287,11443,9055,6909,4754,3258,2340,1356,684,197,72,26
MMR007006,83441.0,89939.0,26355,25776,23048,18576,15757,15728,12618,10083,7728,4919,3129,2451,1381,702,213,100,66
MMR007007,68001.0,75711.0,20782,19671,17737,15713,14106,13708,11194,9213,6594,4790,2814,2120,1141,565,154,71,31
MMR007008,32701.0,33844.0,10113,9348,8649,7232,6471,6585,5137,3970,2830,1808,1190,884,419,255,62,29,16
MMR007009,86243.0,94942.0,23367,22211,21907,20019,17938,18408,14003,11209,9185,6471,4297,2969,1636,875,252,131,45
MMR007010,71391.0,76707.0,20436,19585,19349,16681,14436,13809,11336,9260,7273,5039,3014,2199,1224,641,152,69,42
MMR007011,35397.0,38287.0,11666,10384,9404,7676,7278,7012,5399,4183,3002,2080,1346,1152,608,327,99,42,41
MMR007012,89903.0,98415.0,26342,25939,23974,20770,17476,17451,14053,12130,9109,5898,3872,3040,1939,954,299,126,81
MMR007013,55330.0,59516.0,16129,15376,14479,12746,10903,11437,8715,7049,5356,3583,2435,2006,987,566,137,57,29
MMR007014,39855.0,43786.0,12330,11481,10388,8973,8254,8159,6424,5117,3838,2644,1718,1354,658,368,91,50,25
MMR008001,80223.0,92609.0,18679,18693,20541,18827,17304,18053,15222,13461,10722,7100,3819,3341,2142,1089,360,145,77
MMR008002,44988.0,47226.0,11042,11096,11419,10810,9076,9335,7981,6564,4871,3084,1706,1721,1079,496,144,38,13
MMR008003,51398.0,57008.0,11585,11846,12714,12033,10611,10597,9620,8514,6971,4840,2732,2245,1476,778,211,72,29
MMR008004,50089.0,55692.0,11631,11780,12157,11062,10379,10440,9310,8095,6582,4353,2734,2519,1771,888,256,74,29
MMR008005,48545.0,55481.0,11092,10964,11352,10365,10255,10853,9284,8306,6873,4659,2688,2610,1846,930,250,82,22
MMR008006,47010.0,53940.0,10683,10274,11594,10833,9532,10375,9061,8009,6608,4683,2698,2246,1443,723,217,59,24
MMR008007,52064.0,58584.0,14670,13583,13450,11808,10160,10616,8874,7597,6153,4559,2538,2241,1296,658,189,59,17
MMR008008,61222.0,67505.0,17530,16526,15225,13456,12110,12035,10022,8728,7441,5333,2787,2432,1560,865,269,54,33
MMR008009,43352.0,48796.0,11657,11558,10662,9679,8417,8568,7392,6816,5792,3863,2058,1758,1202,596,214,45,17
MMR008010,45522.0,50119.0,12425,11111,10857,9786,9280,9137,8185,7135,6069,3725,1947,1865,1180,627,202,41,24
MMR008011,24969.0,28146.0,5469,5603,5948,5356,5458,5255,4780,4242,3715,2610,1375,1161,843,458,131,40,13
MMR008012,62366.0,69477.0,14499,14325,14890,14653,14006,12901,11481,9814,8096,5853,3260,2988,1863,905,258,71,27
MMR008013,45891.0,50855.0,12308,10737,11056,10605,9373,8874,7960,6838,5951,4478,2457,2096,1343,641,202,65,19
MMR008014,42990.0,48773.0,10590,10036,9928,9427,8711,9264,8109,7211,6327,4100,2163,1995,1449,733,195,64,15
MMR009001,98951.0,116059.0,25331,26368,27074,24738,23716,21788,15967,13642,11391,8581,5517,3687,2014,892,264,101,41
MMR009002,53335.0,63687.0,14581,14414,14785,13041,11758,11404,8969,7517,6009,4833,3063,2450,1315,579,144,41,21
MMR009003,71528.0,85568.0,19381,18560,19425,17452,15960,15200,12243,10211,8582,6929,4317,3120,1727,674,177,79,47
MMR009004,92248.0,103029.0,25799,25516,24814,21787,18277,18473,14576,12677,9588,7496,4400,3604,2241,1186,315,115,45
MMR009005,56604.0,63192.0,17464,16435,15743,13201,11727,10344,8088,6924,5713,4802,2960,2011,1365,589,179,46,18
MMR009006,79508.0,90855.0,23019,22069,21974,19467,16746,15485,11649,9825,8649,7524,4650,3542,1894,909,290,86,46
MMR009007,62348.0,70308.0,17248,16652,16972,14912,13311,12814,10454,8514,6641,4716,3217,2467,1429,603,202,56,20
MMR009008,57944.0,66410.0,15121,15678,15837,13729,12596,11818,9801,8183,6200,4491,2771,2384,1452,687,182,54,20
MMR009009,17087.0,18661.0,4356,4504,5021,4149,3397,3429,2720,2361,1660,1276,805,743,403,186,53,18,8
MMR009010,84927.0,97996.0,24037,23489,23037,20139,17826,17148,13966,11687,9822,7202,4251,3502,2106,971,247,65,18
MMR009011,15714.0,16927.0,3707,3881,4364,3817,3342,2947,2428,2046,1836,1463,985,685,394,181,32,6,3
MMR009012,38423.0,43341.0,9152,9793,10818,9756,7814,7976,6612,5515,4318,3316,2146,1627,1054,495,136,45,13
MMR009013,46786.0,50341.0,11536,12873,14129,11721,9284,9115,7459,5960,4495,3371,2306,1824,939,460,143,61,17
MMR009014,22250.0,25368.0,4441,4973,5324,5239,4512,4894,4570,3371,2796,2335,1860,1446,774,385,123,38,9
MMR009015,26932.0,30331.0,5635,6045,6616,6374,5828,5756,5076,4227,3619,2686,1647,1409,883,481,124,52,7
MMR009016,83134.0,92898.0,22264,22359,22694,20526,17516,16484,13807,12025,8919,6501,3749,2922,1920,996,301,71,45
MMR009017,41240.0,46059.0,11176,11489,11553,10128,8563,7942,6544,5266,4297,3380,2141,1599,973,470,146,46,10
MMR009018,103272.0,123225.0,26333,25683,26924,24657,22827,20762,16329,14314,11903,9522,5979,4578,2491,1180,348,139,59
MMR009019,81190.0,96714.0,21761,22283,22311,20138,17618,16633,12721,11413,10144,7476,4634,3626,2231,979,268,63,26
MMR009020,87186.0,102527.0,25926,25425,25305,20861,17711,16819,12706,10968,10201,8591,4974,3725,1958,932,255,76,27
MMR009021,63033.0,67682.0,18093,18582,17726,14633,12183,11710,9163,7441,6143,4951,3131,2283,1151,537,164,57,14
MMR009022,36354.0,41348.0,10864,10793,10597,8966,7396,6426,5511,4656,3790,2889,1823,1475,747,304,74,14,4
MMR009023,48091.0,51818.0,11730,12576,12631,11789,11039,10041,8014,6109,4724,3763,2469,1703,897,428,137,50,26
MMR009024,18716.0,21124.0,3708,4047,4525,4190,4273,4314,3574,2822,2214,1892,1500,1127,676,306,113,21,2
MMR009025,25699.0,28624.0,5550,5970,6465,5794,5536,5560,4775,3991,2997,2570,1636,1290,746,330,96,25,11
